,total_expense,entertainment,food & drink,health & fitness,rent,salary,shopping,travel,utilities,lag_1,lag_2,lag_3,lag_4,lag_8,avg_4_weeks,avg_8_weeks,avg_12_weeks,previous_entertainment,previous_food_and_drink,previous_health_and_fitness,previous_rent,previous_salary,previous_shopping,previous_travel,previous_utilities,week_number,month,quarter
2019-12-30/2020-01-05,4146.35,0.0,1485.69,0.0,1185.08,0.0,0.0,0.0,1475.58,,,,,,,,,,,,,,,,,1,1,1
2020-01-06/2020-01-12,0.0,0.0,0.0,0.0,0.0,0.0,0.0,0.0,0.0,4146.35,,,,,,,,0.0,1485.69,0.0,1185.08,0.0,0.0,0.0,1475.58,2,1,1
2020-01-13/2020-01-19,3095.59,0.0,2646.91,0.0,0.0,0.0,448.68,0.0,0.0,0.0,4146.35,,,,,,,0.0,0.0,0.0,0.0,0.0,0.0,0.0,0.0,3,1,1
2020-01-20/2020-01-26,4969.41,1914.85,0.0,1211.41,766.06,1077.09,0.0,0.0,0.0,3095.59,0.0,4146.35,,,,,,0.0,2646.91,0.0,0.0,0.0,448.68,0.0,0.0,4,1,1
2020-01-27/2020-02-02,5260.58,0.0,1325.91,1492.6100000000001,1712.08,0.0,729.98,0.0,0.0,4969.41,3095.59,0.0,4146.35,,3052.8375,,,1914.85,0.0,1211.41,766.06,1077.09,0.0,0.0,0.0,5,2,1
2020-02-03/2020-02-09,8273.27,3199.5200000000004,465.81,0.0,1222.17,0.0,0.0,3385.77,0.0,5260.58,4969.41,3095.59,0.0,,3331.395,,,0.0,1325.91,1492.6100000000001,1712.08,0.0,729.98,0.0,0.0,6,2,1
2020-02-10/2020-02-16,2481.77,0.0,0.0,433.13,0.0,294.31,730.37,0.0,1023.96,8273.27,5260.58,4969.41,3095.59,,5399.7125,,,3199.5200000000004,465.81,0.0,1222.17,0.0,0.0,3385.77,0.0,7,2,1
2020-02-17/2020-02-23,769.42,0.0,0.0,0.0,0.0,0.0,769.42,0.0,0.0,2481.77,8273.27,5260.58,4969.41,,5246.2575,,,0.0,0.0,433.13,0.0,294.31,730.37,0.0,1023.96,8,2,1
2020-02-24/2020-03-01,5250.27,0.0,1363.76,0.0,0.0,0.0,0.0,3886.51,0.0,769.42,2481.77,8273.27,5260.58,4146.35,4196.259999999999,3624.54875,,0.0,0.0,0.0,0.0,0.0,769.42,0.0,0.0,9,3,1
2020-03-02/2020-03-08,3258.38,314.15,1201.9,0.0,1742.33,0.0,0.0,0.0,0.0,5250.27,769.42,2481.77,8273.27,0.0,4193.682499999999,3762.5387500000006,,0.0,1363.76,0.0,0.0,0.0,0.0,3886.51,0.0,10,3,1
2020-03-09/2020-03-15,8642.869999999999,1428.77,0.0,0.0,3995.55,0.0,1929.08,486.51,802.96,3258.38,5250.27,769.42,2481.77,3095.59,2939.959999999999,4169.83625,,314.15,1201.9,0.0,1742.33,0.0,0.0,0.0,0.0,11,3,1
2020-03-16/2020-03-22,1385.15,0.0,0.0,881.82,503.33,0.0,0.0,0.0,0.0,8642.869999999999,3258.38,5250.27,769.42,4969.41,4480.234999999999,4863.24625,,1428.77,0.0,0.0,3995.55,0.0,1929.08,486.51,802.96,12,3,1
2020-03-23/2020-03-29,295.40999999999997,144.13,151.28,0.0,0.0,0.0,0.0,0.0,0.0,1385.15,8642.869999999999,3258.38,5250.27,5260.58,4634.1675,4415.213750000001,3961.0883333333336,0.0,0.0,881.82,503.33,0.0,0.0,0.0,0.0,13,3,1
2020-03-30/2020-04-05,2790.74,0.0,0.0,0.0,0.0,0.0,0.0,1341.27,1449.47,295.40999999999997,1385.15,8642.869999999999,3258.38,8273.27,3395.4524999999994,3794.567500000001,3640.1766666666676,144.13,151.28,0.0,0.0,0.0,0.0,0.0,0.0,14,4,2
2020-04-06/2020-04-12,882.48,0.0,0.0,0.0,0.0,493.56,388.92,0.0,0.0,2790.74,295.40999999999997,1385.15,8642.869999999999,2481.77,3278.5424999999996,3109.2512500000007,3872.738333333334,0.0,0.0,0.0,0.0,0.0,0.0,1341.27,1449.47,15,4,2
2020-04-13/2020-04-19,3332.2200000000003,0.0,0.0,1603.18,0.0,1729.04,0.0,0.0,0.0,882.48,2790.74,295.40999999999997,1385.15,769.42,1338.4449999999997,2909.3400000000006,3688.3125000000014,0.0,0.0,0.0,0.0,493.56,388.92,0.0,0.0,16,4,2
2020-04-20/2020-04-26,4538.07,1750.23,1938.3,0.0,0.0,0.0,0.0,0.0,849.54,3332.2200000000003,882.48,2790.74,295.40999999999997,5250.27,1825.2125,3229.690000000001,3551.880000000001,0.0,0.0,1603.18,0.0,1729.04,0.0,0.0,0.0,17,4,2
2020-04-27/2020-05-03,7021.94,2071.61,1162.57,0.0,0.0,318.05,0.0,2705.55,764.16,4538.07,3332.2200000000003,882.48,2790.74,3258.38,2885.8775,3140.665000000001,3491.670833333334,1750.23,1938.3,0.0,0.0,0.0,0.0,0.0,849.54,18,5,2
2020-05-04/2020-05-10,393.31,0.0,0.0,123.76,0.0,0.0,0.0,0.0,269.55,7021.94,4538.07,3332.2200000000003,882.48,8642.869999999999,3943.6775000000002,3611.1100000000006,3387.393333333335,2071.61,1162.57,0.0,0.0,318.05,0.0,2705.55,764.16,19,5,2
2020-05-11/2020-05-17,4777.44,0.0,0.0,2355.06,184.32999999999998,0.0,1318.17,919.88,0.0,393.31,7021.94,4538.07,3332.2200000000003,1385.15,3821.385,2579.915000000001,3213.3550000000014,0.0,0.0,123.76,0.0,0.0,0.0,0.0,269.55,20,5,2
2020-05-18/2020-05-24,2915.33,0.0,0.0,0.0,1759.75,0.0,0.0,273.59,881.99,4777.44,393.31,7021.94,4538.07,295.40999999999997,4182.69,3003.9512500000005,3547.3566666666684,0.0,0.0,2355.06,184.32999999999998,0.0,1318.17,919.88,0.0,21,5,2
2020-05-25/2020-05-31,6427.650000000001,0.0,1339.05,415.16,1878.47,0.0,0.0,2243.0,551.97,2915.33,4777.44,393.31,7021.94,2790.74,3777.004999999999,3331.4412500000003,3352.7783333333355,0.0,0.0,0.0,1759.75,0.0,0.0,273.59,881.99,22,5,2
2020-06-01/2020-06-07,2909.7299999999996,0.0,426.29999999999995,0.0,0.0,1107.84,0.0,97.73,1277.86,6427.650000000001,2915.33,4777.44,393.31,882.48,3628.4325,3786.0550000000003,3616.884166666669,0.0,1339.05,415.16,1878.47,0.0,0.0,2243.0,551.97,23,6,2
2020-06-08/2020-06-14,10333.27,3097.88,0.0,1562.43,0.0,0.0,1947.94,0.0,3725.02,2909.7299999999996,6427.650000000001,2915.33,4777.44,3332.2200000000003,4257.537499999999,4039.46125,3139.1225000000027,0.0,426.29999999999995,0.0,0.0,1107.84,0.0,97.73,1277.86,24,6,2
2020-06-15/2020-06-21,5016.92,994.5600000000001,0.0,1879.08,771.26,0.0,663.24,708.78,0.0,10333.27,2909.7299999999996,6427.650000000001,2915.33,4538.07,5646.495,4914.5925,3884.7991666666694,3097.88,0.0,1562.43,0.0,0.0,1947.94,0.0,3725.02,25,6,2
2020-06-22/2020-06-28,1545.9299999999998,0.0,0.0,1459.8,0.0,0.0,0.0,86.13,0.0,5016.92,10333.27,2909.7299999999996,6427.650000000001,7021.94,6171.8925,4974.44875,4278.258333333336,994.5600000000001,0.0,1879.08,771.26,0.0,663.24,708.78,0.0,26,6,2
2020-06-29/2020-07-05,4389.1,734.8,0.0,0.0,2218.85,0.0,0.0,1435.4499999999998,0.0,1545.9299999999998,5016.92,10333.27,2909.7299999999996,393.31,4951.4625,4289.947499999999,4174.524166666669,0.0,0.0,1459.8,0.0,0.0,0.0,86.13,0.0,27,7,3
2020-07-06/2020-07-12,4474.9,1027.24,0.0,935.33,0.0,0.0,0.0,2512.33,0.0,4389.1,1545.9299999999998,5016.92,10333.27,4777.44,5321.304999999999,4789.421249999999,4466.742500000002,734.8,0.0,0.0,2218.85,0.0,0.0,1435.4499999999998,0.0,28,7,3
2020-07-13/2020-07-19,1516.9499999999998,0.0,0.0,195.84,0.0,0.0,0.0,0.0,1321.11,4474.9,4389.1,1545.9299999999998,5016.92,2915.33,3856.7124999999987,4751.603749999999,4561.9658333333355,1027.24,0.0,935.33,0.0,0.0,0.0,2512.33,0.0,29,7,3
2020-07-20/2020-07-26,7042.51,3091.6,1786.39,0.0,1559.06,109.93,495.53,0.0,0.0,1516.9499999999998,4474.9,4389.1,1545.9299999999998,6427.650000000001,2981.719999999999,4576.806249999999,4310.205833333335,0.0,0.0,195.84,0.0,0.0,0.0,0.0,1321.11,30,7,3
2020-07-27/2020-08-02,11355.220000000001,556.45,0.0,3687.7,918.36,0.0,1662.83,3040.01,1489.87,7042.51,1516.9499999999998,4474.9,4389.1,2909.7299999999996,4355.864999999999,4653.663749999999,4311.920000000002,3091.6,1786.39,0.0,1559.06,109.93,495.53,0.0,0.0,31,8,3
2020-08-03/2020-08-09,9606.460000000001,981.58,1714.9,0.0,0.0,0.0,3984.7900000000004,1509.42,1415.77,11355.220000000001,7042.51,1516.9499999999998,4474.9,10333.27,6097.394999999999,5709.3499999999985,5225.412500000002,556.45,0.0,3687.7,918.36,0.0,1662.83,3040.01,1489.87,32,8,3
2020-08-10/2020-08-16,3480.52,0.0,0.0,0.0,0.0,67.76,1451.12,0.0,1961.64,9606.460000000001,11355.220000000001,7042.51,1516.9499999999998,5016.92,7380.284999999998,5618.498749999999,5627.830833333336,981.58,1714.9,0.0,0.0,0.0,3984.7900000000004,1509.42,1415.77,33,8,3
2020-08-17/2020-08-23,8336.36,0.0,1999.82,681.63,1289.07,0.0,1187.87,3177.9700000000003,0.0,3480.52,9606.460000000001,11355.220000000001,7042.51,1545.9299999999998,7871.177499999997,5426.448749999999,5674.930000000003,0.0,0.0,0.0,0.0,67.76,1451.12,0.0,1961.64,34,8,3
2020-08-24/2020-08-30,5742.02,935.42,1899.73,0.0,1564.65,1342.22,0.0,0.0,0.0,8336.36,3480.52,9606.460000000001,11355.220000000001,4389.1,8194.639999999998,6275.252499999999,5833.98916666667,0.0,1999.82,681.63,1289.07,0.0,1187.87,3177.9700000000003,0.0,35,8,3
2020-08-31/2020-09-06,3856.8900000000003,0.0,0.0,343.9,1557.81,0.0,799.34,1155.84,0.0,5742.02,8336.36,3480.52,9606.460000000001,4474.9,6791.3399999999965,6444.367499999999,6070.013333333337,935.42,1899.73,0.0,1564.65,1342.22,0.0,0.0,0.0,36,9,3
2020-09-07/2020-09-13,3843.7,212.78,700.94,147.22,2782.76,0.0,0.0,0.0,0.0,3856.8900000000003,5742.02,8336.36,3480.52,1516.9499999999998,5353.947499999997,6367.116249999999,5530.315000000003,0.0,0.0,343.9,1557.81,0.0,799.34,1155.84,0.0,37,9,3
2020-09-14/2020-09-20,6161.68,0.0,1700.66,0.0,872.71,2352.64,0.0,1235.67,0.0,3843.7,3856.8900000000003,5742.02,8336.36,7042.51,5444.742499999997,6657.959999999999,5432.54666666667,212.78,700.94,147.22,2782.76,0.0,0.0,0.0,0.0,38,9,3
2020-09-21/2020-09-27,6506.25,180.37,0.0,67.11,565.07,2258.8,0.0,2454.68,980.22,6161.68,3843.7,3856.8900000000003,5742.02,11355.220000000001,4901.072499999997,6547.856249999999,5817.192500000005,0.0,1700.66,0.0,872.71,2352.64,0.0,1235.67,0.0,39,9,3
2020-09-28/2020-10-04,3931.39,619.35,195.18,710.1,0.0,2406.76,0.0,0.0,0.0,6506.25,6161.68,3843.7,3856.8900000000003,9606.460000000001,5092.1299999999965,5941.734999999999,5993.6216666666705,180.37,0.0,67.11,565.07,2258.8,0.0,2454.68,980.22,40,10,4
2020-10-05/2020-10-11,3494.43,0.0,0.0,0.0,0.0,560.23,0.0,2934.2000000000003,0.0,3931.39,6506.25,6161.68,3843.7,3480.52,5110.7549999999965,5232.351249999999,5948.329166666671,619.35,195.18,710.1,0.0,2406.76,0.0,0.0,0.0,41,10,4
2020-10-12/2020-10-18,7612.32,0.0,512.43,0.0,4550.99,962.64,0.0,0.0,1586.2599999999998,3494.43,3931.39,6506.25,6161.68,8336.36,5023.437499999996,5234.089999999999,6113.119166666671,0.0,0.0,0.0,0.0,560.23,0.0,2934.2000000000003,0.0,42,10,4
2020-10-19/2020-10-25,2949.71,1553.63,0.0,0.0,0.0,0.0,1216.57,179.51,0.0,7612.32,3494.43,3931.39,6506.25,5742.02,5386.097499999996,5143.584999999999,6160.603333333339,0.0,512.43,0.0,4550.99,962.64,0.0,0.0,1586.2599999999998,43,10,4
2020-10-26/2020-11-01,8370.28,3241.26,0.0,0.0,1895.7,1191.3400000000001,617.71,1408.95,15.32,2949.71,7612.32,3494.43,3931.39,3856.8900000000003,4496.962499999996,4794.546249999999,5460.144166666672,1553.63,0.0,0.0,0.0,0.0,1216.57,179.51,0.0,44,11,4
2020-11-02/2020-11-08,4232.81,0.0,0.0,0.0,128.68,0.0,0.0,2286.39,1817.74,8370.28,2949.71,7612.32,3494.43,3843.7,5606.684999999996,5358.719999999999,5357.129166666672,3241.26,0.0,0.0,1895.7,1191.3400000000001,617.71,1408.95,15.32,45,11,4
2020-11-09/2020-11-15,11624.490000000002,0.0,2190.8900000000003,0.0,0.0,2819.56,2145.0,2856.4300000000003,1612.61,4232.81,8370.28,2949.71,7612.32,6161.68,5791.279999999996,5407.358749999999,5419.820000000006,0.0,0.0,0.0,128.68,0.0,0.0,2286.39,1817.74,46,11,4
2020-11-16/2020-11-22,3846.95,0.0,2233.84,240.68,0.0,1254.56,117.87,0.0,0.0,11624.490000000002,4232.81,8370.28,2949.71,6506.25,6794.322499999997,6090.21,5693.83083333334,0.0,2190.8900000000003,0.0,0.0,2819.56,2145.0,2856.4300000000003,1612.61,47,11,4
2020-11-23/2020-11-29,4326.3,1963.91,1108.98,0.0,0.0,251.64,0.0,0.0,1001.77,3846.95,11624.490000000002,4232.81,8370.28,3931.39,7018.632499999997,5757.7975,5535.908333333339,0.0,2233.84,240.68,0.0,1254.56,117.87,0.0,0.0,48,11,4
2020-11-30/2020-12-06,3450.5699999999997,0.0,0.0,0.0,0.0,495.02,389.31,836.83,1729.41,4326.3,3846.95,11624.490000000002,4232.81,3494.43,6007.637499999997,5807.16125,5575.0258333333395,1963.91,1108.98,0.0,0.0,251.64,0.0,0.0,1001.77,49,12,4
2020-12-07/2020-12-13,6434.490000000001,0.0,0.0,0.0,0.0,2428.67,686.35,3319.4700000000003,0.0,3450.5699999999997,4326.3,3846.95,11624.490000000002,7612.32,5812.077499999997,5801.67875,5542.265000000006,0.0,0.0,0.0,0.0,495.02,389.31,836.83,1729.41,50,12,4
2020-12-14/2020-12-20,7425.93,1961.74,2090.83,0.0,0.0,208.43,2169.23,0.0,995.7,6434.490000000001,3450.5699999999997,4326.3,3846.95,2949.71,4514.577499999997,5654.45,5564.999166666673,0.0,0.0,0.0,0.0,2428.67,686.35,3319.4700000000003,0.0,51,12,4
2020-12-21/2020-12-27,6202.44,0.0,0.0,0.0,1705.01,1746.04,1908.74,683.74,158.91,7425.93,6434.490000000001,3450.5699999999997,4326.3,8370.28,5409.322499999997,6213.9775,5641.639166666672,1961.74,2090.83,0.0,0.0,208.43,2169.23,0.0,995.7,52,12,4
2020-12-28/2021-01-03,4946.210000000001,0.0,101.52,0.0,892.92,0.0,1956.89,1994.88,0.0,6202.44,7425.93,6434.490000000001,3450.5699999999997,4232.81,5878.357499999996,5942.9975,5830.89333333334,0.0,0.0,0.0,1705.01,1746.04,1908.74,683.74,158.91,53,1,1
2021-01-04/2021-01-10,2610.69,1067.02,0.0,0.0,0.0,0.0,0.0,723.34,820.3299999999999,4946.210000000001,6202.44,7425.93,6434.490000000001,11624.490000000002,6252.267499999996,6032.172500000001,5951.875000000007,0.0,101.52,0.0,892.92,0.0,1956.89,1994.88,0.0,1,1,1
2021-01-11/2021-01-17,7015.83,0.0,1822.13,0.0,0.0,518.1,2264.36,2254.25,156.99,2610.69,4946.210000000001,6202.44,7425.93,3846.95,5296.317499999996,4905.4475,5535.072500000007,1067.02,0.0,0.0,0.0,0.0,0.0,723.34,820.3299999999999,2,1,1
2021-01-18/2021-01-24,1999.54,0.0,0.0,445.82,0.0,0.0,0.0,1553.72,0.0,7015.83,2610.69,4946.210000000001,6202.44,4326.3,5193.792499999996,5301.557500000001,5873.91583333334,0.0,1822.13,0.0,0.0,518.1,2264.36,2254.25,156.99,3,1,1
2021-01-25/2021-01-31,4089.53,0.0,624.78,2533.8,0.0,0.0,0.0,0.0,930.95,1999.54,7015.83,2610.69,4946.210000000001,3450.5699999999997,4143.0674999999965,5010.712500000001,5343.020833333339,0.0,0.0,445.82,0.0,0.0,0.0,1553.72,0.0,4,1,1
2021-02-01/2021-02-07,3835.6200000000003,0.0,0.0,1610.42,290.11,1935.09,0.0,0.0,0.0,4089.53,1999.54,7015.83,2610.69,6434.490000000001,3928.897499999996,5090.5825,5331.08083333334,0.0,624.78,2533.8,0.0,0.0,0.0,0.0,930.95,5,2,1
2021-02-08/2021-02-14,7675.489999999999,0.0,1242.9,2246.67,0.0,0.0,1934.87,2251.05,0.0,3835.6200000000003,4089.53,1999.54,7015.83,7425.93,4235.1299999999965,4765.723750000001,4682.008333333339,0.0,0.0,1610.42,290.11,1935.09,0.0,0.0,0.0,6,2,1
2021-02-15/2021-02-21,3600.93,0.0,0.0,0.0,1274.45,241.08,0.0,1301.99,783.41,7675.489999999999,3835.6200000000003,4089.53,1999.54,6202.44,4400.044999999996,4796.918750000001,5001.053333333339,0.0,1242.9,2246.67,0.0,0.0,1934.87,2251.05,0.0,7,2,1
2021-02-22/2021-02-28,4813.19,0.0,0.0,442.37,0.0,0.0,4370.82,0.0,0.0,3600.93,7675.489999999999,3835.6200000000003,4089.53,4946.210000000001,4800.392499999996,4471.7300000000005,4940.6058333333385,0.0,0.0,0.0,1274.45,241.08,0.0,1301.99,783.41,8,2,1
2021-03-01/2021-03-07,7933.92,2889.25,110.65,130.49,3227.44,0.0,0.0,0.0,1576.09,4813.19,3600.93,7675.489999999999,3835.6200000000003,2610.69,4981.307499999996,4455.102500000001,5054.157500000006,0.0,0.0,442.37,0.0,0.0,4370.82,0.0,0.0,9,3,1
2021-03-08/2021-03-14,2907.3300000000004,663.83,0.0,0.0,0.0,0.0,0.0,0.0,2243.5000000000005,7933.92,4813.19,3600.93,7675.489999999999,7015.83,6005.882499999997,5120.50625,5179.110000000006,2889.25,110.65,130.49,3227.44,0.0,0.0,0.0,1576.09,10,3,1
2021-03-15/2021-03-21,6663.43,1181.82,1997.19,1031.34,0.0,156.25,1375.33,921.5,0.0,2907.3300000000004,7933.92,4813.19,3600.93,1999.54,4813.842499999998,4606.94375,4802.560000000006,663.83,0.0,0.0,0.0,0.0,0.0,0.0,2243.5000000000005,11,3,1
2021-03-22/2021-03-28,6223.710000000001,833.49,0.0,1907.65,1588.26,143.6,837.82,912.89,0.0,6663.43,2907.3300000000004,7933.92,4813.19,4089.53,5579.467499999998,5189.93,4840.975833333339,1181.82,1997.19,1031.34,0.0,156.25,1375.33,921.5,0.0,12,3,1
2021-03-29/2021-04-04,7805.139999999999,317.91,0.0,2968.75,1576.1599999999999,0.0,1737.5,1204.82,0.0,6223.710000000001,6663.43,2907.3300000000004,7933.92,3835.6200000000003,5932.097499999999,5456.7025,4947.434166666672,833.49,0.0,1907.65,1588.26,143.6,837.82,912.89,0.0,13,4,2
2021-04-05/2021-04-11,6352.83,0.0,1221.9,0.0,1527.59,0.0,1691.86,1911.48,0.0,7805.139999999999,6223.710000000001,6663.43,2907.3300000000004,7675.489999999999,5899.902499999998,5952.8925,5380.305000000005,317.91,0.0,2968.75,1576.1599999999999,0.0,1737.5,1204.82,0.0,14,4,2
2021-04-12/2021-04-18,2082.1,0.0,192.6,0.0,0.0,0.0,148.47,0.0,1741.03,6352.83,7805.139999999999,6223.710000000001,6663.43,3600.93,6761.277499999998,5787.56,5325.055000000005,0.0,1221.9,0.0,1527.59,0.0,1691.86,1911.48,0.0,15,4,2
2021-04-19/2021-04-25,6583.0599999999995,0.0,0.0,1495.69,1767.85,1058.6,1821.94,438.98,0.0,2082.1,6352.83,7805.139999999999,6223.710000000001,4813.19,5615.944999999998,5597.70625,5331.935000000006,0.0,192.6,0.0,0.0,0.0,148.47,0.0,1741.03,16,4,2
2021-04-26/2021-05-02,3036.51,796.57,416.8,0.0,25.38,0.0,0.0,0.0,1797.76,6583.0599999999995,2082.1,6352.83,7805.139999999999,7933.92,5705.7824999999975,5818.94,5539.729166666672,0.0,0.0,1495.69,1767.85,1058.6,1821.94,438.98,0.0,17,5,2
2021-05-03/2021-05-09,6000.540000000001,1005.52,878.08,153.43,2541.6099999999997,0.0,1421.9,0.0,0.0,3036.51,6583.0599999999995,2082.1,6352.83,2907.3300000000004,4513.624999999998,5206.76375,5473.136666666673,796.57,416.8,0.0,25.38,0.0,0.0,0.0,1797.76,18,5,2
2021-05-10/2021-05-16,4941.38,877.0,0.0,636.31,1823.44,0.0,0.0,0.0,1604.63,6000.540000000001,3036.51,6583.0599999999995,2082.1,6663.43,4425.552499999998,5593.415,5333.557500000007,1005.52,878.08,153.43,2541.6099999999997,0.0,1421.9,0.0,0.0,19,5,2
2021-05-17/2021-05-23,1775.97,0.0,0.0,0.0,362.52,933.27,0.0,0.0,480.18,4941.38,6000.540000000001,3036.51,6583.0599999999995,6223.710000000001,5140.372499999999,5378.15875,5445.261666666674,877.0,0.0,636.31,1823.44,0.0,0.0,0.0,1604.63,20,5,2
2021-05-24/2021-05-30,9241.0,0.0,0.0,2749.45,1233.87,2615.16,0.0,1757.39,885.13,1775.97,4941.38,6000.540000000001,3036.51,7805.139999999999,3938.599999999999,4822.19125,5192.160000000006,0.0,0.0,0.0,362.52,933.27,0.0,0.0,480.18,21,5,2
2021-05-31/2021-06-06,8975.300000000001,649.84,904.97,1964.95,0.0,1982.06,823.45,0.0,2650.0299999999997,9241.0,1775.97,4941.38,6000.540000000001,6352.83,5489.722499999998,5001.67375,5301.083333333339,0.0,0.0,2749.45,1233.87,2615.16,0.0,1757.39,885.13,22,6,2
2021-06-07/2021-06-13,2822.09,0.0,1580.56,0.0,666.08,0.0,575.45,0.0,0.0,8975.300000000001,9241.0,1775.97,4941.38,2082.1,6233.4124999999985,5329.4825,5806.747500000006,649.84,904.97,1964.95,0.0,1982.06,823.45,0.0,2650.0299999999997,23,6,2
2021-06-14/2021-06-20,5028.64,0.0,0.0,1628.24,626.07,0.0,266.61,0.0,2507.72,2822.09,8975.300000000001,9241.0,1775.97,6583.0599999999995,5703.589999999998,5421.98125,5486.635833333338,0.0,1580.56,0.0,666.08,0.0,575.45,0.0,0.0,24,6,2
2021-06-21/2021-06-27,2492.74,1150.87,0.0,46.28,1295.59,0.0,0.0,0.0,0.0,5028.64,2822.09,8975.300000000001,9241.0,3036.51,6516.757499999998,5227.67875,5387.046666666672,0.0,0.0,1628.24,626.07,0.0,266.61,0.0,2507.72,25,6,2
2021-06-28/2021-07-04,8597.73,1939.48,2154.85,0.0,1020.3,2284.58,0.0,0.0,1198.52,2492.74,5028.64,2822.09,8975.300000000001,6000.540000000001,4829.692499999997,5159.7074999999995,4944.346666666672,1150.87,0.0,46.28,1295.59,0.0,0.0,0.0,0.0,26,7,3
2021-07-05/2021-07-11,7493.29,0.0,0.0,0.0,2002.97,0.0,1203.29,904.15,3382.88,8597.73,2492.74,5028.64,2822.09,4941.38,4735.299999999997,5484.35625,5131.421666666672,1939.48,2154.85,0.0,1020.3,2284.58,0.0,0.0,1198.52,27,7,3
2021-07-12/2021-07-18,2664.86,778.47,0.0,0.0,0.0,1770.41,115.98,0.0,0.0,7493.29,8597.73,2492.74,5028.64,1775.97,5903.099999999998,5803.345,5582.354166666671,0.0,0.0,0.0,2002.97,0.0,1203.29,904.15,3382.88,28,7,3
2021-07-19/2021-07-25,3406.78,0.0,0.0,0.0,1727.78,1395.18,0.0,0.0,283.82,2664.86,7493.29,8597.73,2492.74,9241.0,5312.154999999998,5914.45625,5255.837500000004,778.47,0.0,0.0,0.0,1770.41,115.98,0.0,0.0,29,7,3
2021-07-26/2021-08-01,1333.3799999999999,0.0,0.0,0.0,0.0,0.0,231.26,0.0,1102.12,3406.78,2664.86,7493.29,8597.73,8975.300000000001,5540.664999999997,5185.17875,5286.693333333337,0.0,0.0,0.0,1727.78,1395.18,0.0,0.0,283.82,30,8,3
2021-08-02/2021-08-08,2818.45,0.0,1233.47,0.0,0.0,1332.5,0.0,252.48,0.0,1333.3799999999999,3406.78,2664.86,7493.29,2822.09,3724.5774999999976,4229.938749999999,4897.763333333337,0.0,0.0,0.0,0.0,0.0,231.26,0.0,1102.12,31,8,3
2021-08-09/2021-08-15,3997.3199999999997,0.0,1507.62,144.68,0.0,0.0,2345.02,0.0,0.0,2818.45,1333.3799999999999,3406.78,2664.86,5028.64,2555.8674999999976,4229.483749999999,4720.852500000004,0.0,1233.47,0.0,0.0,1332.5,0.0,252.48,0.0,32,8,3
2021-08-16/2021-08-22,2123.54,0.0,0.0,1904.3700000000001,0.0,83.6,0.0,0.0,135.57,3997.3199999999997,2818.45,1333.3799999999999,3406.78,2492.74,2888.9824999999973,4100.568749999999,4905.965000000003,0.0,1507.62,144.68,0.0,0.0,2345.02,0.0,0.0,33,8,3
2021-08-23/2021-08-29,5634.72,2352.08,1732.94,0.0,0.0,514.09,0.0,1035.61,0.0,2123.54,3997.3199999999997,2818.45,1333.3799999999999,8597.73,2568.1724999999974,4054.41875,4312.843333333337,0.0,0.0,1904.3700000000001,0.0,83.6,0.0,0.0,135.57,34,8,3
2021-08-30/2021-09-05,1600.69,0.0,0.0,0.0,1600.69,0.0,0.0,0.0,0.0,5634.72,2123.54,3997.3199999999997,2818.45,7493.29,3643.5074999999974,3684.0425,4034.4616666666698,2352.08,1732.94,0.0,0.0,514.09,0.0,1035.61,0.0,35,9,3
2021-09-06/2021-09-12,8321.900000000001,0.0,0.0,0.0,1529.4699999999998,1918.8000000000002,2173.86,1604.28,1095.49,1600.69,5634.72,2123.54,3997.3199999999997,2664.86,3339.0674999999974,2947.4674999999997,3932.678333333337,0.0,0.0,0.0,1600.69,0.0,0.0,0.0,0.0,36,9,3
2021-09-13/2021-09-19,6124.500000000001,0.0,1373.47,1781.35,0.0,0.0,0.0,0.0,2969.6800000000003,8321.900000000001,1600.69,5634.72,2123.54,3406.78,4420.212499999998,3654.5975,4207.11666666667,0.0,0.0,0.0,1529.4699999999998,1918.8000000000002,2173.86,1604.28,1095.49,37,9,3
2021-09-20/2021-09-26,506.73,0.0,0.0,0.0,0.0,0.0,0.0,506.73,0.0,6124.500000000001,8321.900000000001,1600.69,5634.72,1333.3799999999999,5420.452499999998,3994.3125,4509.763333333337,0.0,1373.47,1781.35,0.0,0.0,0.0,0.0,2969.6800000000003,38,9,3
2021-09-27/2021-10-03,967.94,0.0,0.0,0.0,530.94,437.0,0.0,0.0,0.0,506.73,6124.500000000001,8321.900000000001,1600.69,2818.45,4138.454999999997,3890.98125,3835.5133333333374,0.0,0.0,0.0,0.0,0.0,0.0,506.73,0.0,39,10,4
2021-10-04/2021-10-10,408.35,0.0,0.0,0.0,0.0,408.35,0.0,0.0,0.0,967.94,506.73,6124.500000000001,8321.900000000001,3997.3199999999997,3980.2674999999967,3659.6674999999996,3291.7341666666707,0.0,0.0,0.0,530.94,437.0,0.0,0.0,0.0,40,10,4
2021-10-11/2021-10-17,4712.21,0.0,0.0,1339.0,0.0,0.0,0.0,1783.75,1589.46,408.35,967.94,506.73,6124.500000000001,2123.54,2001.8799999999965,3211.0462499999994,3103.6916666666707,0.0,0.0,0.0,0.0,408.35,0.0,0.0,0.0,41,10,4
2021-10-18/2021-10-24,4781.03,1582.84,0.0,0.0,1970.41,0.0,0.0,0.0,1227.78,4712.21,408.35,967.94,506.73,5634.72,1648.807499999996,3534.629999999999,3212.477500000004,0.0,0.0,1339.0,0.0,0.0,0.0,1783.75,1589.46,42,10,4
2021-10-25/2021-10-31,2220.9800000000005,0.0,0.0,0.0,1164.85,1056.13,0.0,0.0,0.0,4781.03,4712.21,408.35,967.94,1600.69,2717.382499999996,3427.918749999999,3499.781666666671,1582.84,0.0,0.0,1970.41,0.0,0.0,0.0,1227.78,43,10,4
2021-11-01/2021-11-07,4532.950000000001,698.59,0.0,265.39,0.0,0.0,0.0,2031.0800000000002,1537.89,2220.9800000000005,4781.03,4712.21,408.35,8321.900000000001,3030.642499999996,3505.454999999999,3449.9925000000044,0.0,0.0,0.0,1164.85,1056.13,0.0,0.0,0.0,44,11,4
2021-11-08/2021-11-14,259.09,0.0,0.0,0.0,0.0,0.0,0.0,259.09,0.0,4532.950000000001,2220.9800000000005,4781.03,4712.21,6124.500000000001,4061.7924999999955,3031.836249999999,3494.628333333338,698.59,0.0,265.39,0.0,0.0,0.0,2031.0800000000002,1537.89,45,11,4
2021-11-15/2021-11-21,6016.06,0.0,171.63,1686.63,1010.12,0.0,1841.9299999999998,1305.75,0.0,259.09,4532.950000000001,2220.9800000000005,4781.03,506.73,2948.5124999999953,2298.659999999999,3339.2575000000047,0.0,0.0,0.0,0.0,0.0,0.0,259.09,0.0,46,11,4
2021-11-22/2021-11-28,3517.27,0.0,0.0,1950.99,0.0,934.24,0.0,0.0,632.04,6016.06,259.09,4532.950000000001,2220.9800000000005,967.94,3257.269999999996,2987.326249999999,3371.0358333333375,0.0,171.63,1686.63,1010.12,0.0,1841.9299999999998,1305.75,0.0,47,11,4
2021-11-29/2021-12-05,995.12,0.0,0.0,491.06,0.0,0.0,504.06,0.0,0.0,3517.27,6016.06,259.09,4532.950000000001,408.35,3581.342499999996,3305.9924999999994,3530.750833333337,0.0,0.0,1950.99,0.0,934.24,0.0,0.0,632.04,48,12,4
2021-12-06/2021-12-12,4006.42,0.0,0.0,387.77,0.0,1989.83,0.0,0.0,1628.82,995.12,3517.27,6016.06,259.09,4712.21,2696.884999999996,3379.3387499999994,2920.185833333337,0.0,0.0,491.06,0.0,0.0,504.06,0.0,0.0,49,12,4
2021-12-13/2021-12-19,785.5,0.0,0.0,206.86,0.0,578.64,0.0,0.0,0.0,4006.42,995.12,3517.27,6016.06,4781.03,3633.717499999996,3291.115,2743.6791666666704,0.0,0.0,387.77,0.0,1989.83,0.0,0.0,1628.82,50,12,4
2021-12-20/2021-12-26,4209.62,0.0,0.0,1512.38,1044.8700000000001,0.0,0.0,1652.37,0.0,785.5,4006.42,995.12,3517.27,2220.9800000000005,2326.077499999996,2791.67375,2766.9100000000035,0.0,0.0,206.86,0.0,578.64,0.0,0.0,0.0,51,12,4
2021-12-27/2022-01-02,1043.47,0.0,0.0,0.0,0.0,1043.47,0.0,0.0,0.0,4209.62,785.5,4006.42,995.12,4532.950000000001,2499.1649999999954,3040.25375,3037.0500000000034,0.0,0.0,1512.38,1044.8700000000001,0.0,0.0,1652.37,0.0,52,1,1
2022-01-03/2022-01-09,7503.32,1445.59,1940.8799999999999,333.38,0.0,1420.39,1171.57,1191.51,0.0,1043.47,4209.62,785.5,4006.42,259.09,2511.252499999995,2604.06875,3089.9766666666706,0.0,0.0,0.0,0.0,1043.47,0.0,0.0,0.0,1,1,1
2022-01-10/2022-01-16,3386.18,47.69,1149.41,0.0,0.0,0.0,304.07,0.0,1885.01,7503.32,1043.47,4209.62,785.5,6016.06,3385.477499999995,3509.5975,3322.5691666666703,1445.59,1940.8799999999999,333.38,0.0,1420.39,1171.57,1191.51,0.0,2,1,1
2022-01-17/2022-01-23,7016.08,0.0,1414.49,1996.26,0.0,1746.91,634.37,1224.05,0.0,3386.18,7503.32,1043.47,4209.62,3517.27,4035.6474999999946,3180.8624999999997,3206.3316666666706,47.69,1149.41,0.0,0.0,0.0,304.07,0.0,1885.01,3,1,1
2022-01-24/2022-01-30,1883.56,1883.56,0.0,0.0,0.0,0.0,0.0,0.0,0.0,7016.08,3386.18,7503.32,1043.47,995.12,4737.262499999994,3618.2137499999994,3605.9233333333373,0.0,1414.49,1996.26,0.0,1746.91,634.37,1224.05,0.0,4,1,1
2022-01-31/2022-02-06,6338.59,0.0,0.0,1909.67,0.0,640.91,1792.56,1995.45,0.0,1883.56,7016.08,3386.18,7503.32,4006.42,4947.284999999994,3729.2687499999997,3385.140833333337,1883.56,0.0,0.0,0.0,0.0,0.0,0.0,0.0,5,2,1
2022-02-07/2022-02-13,6156.25,1772.0,0.0,0.0,699.26,0.0,0.0,3457.63,227.36,6338.59,1883.56,7016.08,3386.18,785.5,4656.1024999999945,4020.79,3891.765833333337,0.0,0.0,1909.67,0.0,640.91,1792.56,1995.45,0.0,6,2,1
2022-02-14/2022-02-20,4142.48,0.0,1816.79,0.0,1365.57,960.12,0.0,0.0,0.0,6156.25,6338.59,1883.56,7016.08,4209.62,5348.619999999994,4692.13375,3903.4483333333374,1772.0,0.0,0.0,699.26,0.0,0.0,3457.63,227.36,7,2,1
2022-02-21/2022-02-27,3405.37,0.0,1827.33,0.0,0.0,0.0,1578.04,0.0,0.0,4142.48,6156.25,6338.59,1883.56,1043.47,4630.219999999994,4683.74125,3955.5491666666708,0.0,1816.79,0.0,1365.57,960.12,0.0,0.0,0.0,8,2,1
2022-02-28/2022-03-06,1779.63,0.0,0.0,0.0,0.0,1779.63,0.0,0.0,0.0,3405.37,4142.48,6156.25,6338.59,7503.32,5010.672499999993,4978.97875,4156.403333333337,0.0,1827.33,0.0,0.0,0.0,1578.04,0.0,0.0,9,3,1
2022-03-07/2022-03-13,3490.81,359.23,1475.87,0.0,0.0,0.0,1655.71,0.0,0.0,1779.63,3405.37,4142.48,6156.25,3386.18,3870.9324999999935,4263.5175,3970.8375000000037,0.0,0.0,0.0,0.0,1779.63,0.0,0.0,0.0,10,3,1
2022-03-14/2022-03-20,6976.83,23.59,1338.89,0.0,807.66,1509.98,0.0,2479.93,816.78,3490.81,1779.63,3405.37,4142.48,7016.08,3204.572499999994,4276.59625,4196.280000000003,359.23,1475.87,0.0,0.0,0.0,1655.71,0.0,0.0,11,3,1
2022-03-21/2022-03-27,8023.1900000000005,1526.1,0.0,837.53,1055.76,1517.13,0.0,2125.09,961.58,6976.83,3490.81,1779.63,3405.37,1883.56,3913.1599999999935,4271.69,4426.880833333337,23.59,1338.89,0.0,807.66,1509.98,0.0,2479.93,816.78,12,3,1
2022-03-28/2022-04-03,13541.220000000001,2586.3500000000004,3529.08,165.42,0.0,3359.84,2360.2799999999997,0.0,1540.25,8023.1900000000005,6976.83,3490.81,1779.63,6338.59,5067.614999999993,5039.14375,5008.524166666671,1526.1,0.0,837.53,1055.76,1517.13,0.0,2125.09,961.58,13,4,2
2022-04-04/2022-04-10,9586.980000000001,0.0,1514.8,318.69,0.0,1350.26,1648.49,0.0,4754.74,13541.220000000001,8023.1900000000005,6976.83,3490.81,6156.25,8008.012499999994,5939.4725,5511.682500000003,2586.3500000000004,3529.08,165.42,0.0,3359.84,2360.2799999999997,0.0,1540.25,14,4,2
2022-04-11/2022-04-17,0.0,0.0,0.0,0.0,0.0,0.0,0.0,0.0,0.0,9586.980000000001,13541.220000000001,8023.1900000000005,6976.83,4142.48,9532.054999999995,6368.31375,6028.415833333336,0.0,1514.8,318.69,0.0,1350.26,1648.49,0.0,4754.74,15,4,2
2022-04-18/2022-04-24,4141.93,1633.41,1274.8200000000002,0.0,0.0,0.0,1233.7,0.0,0.0,0.0,9586.980000000001,13541.220000000001,8023.1900000000005,3405.37,7787.847499999994,5850.50375,5443.742500000003,0.0,0.0,0.0,0.0,0.0,0.0,0.0,0.0,16,4,2
2022-04-25/2022-05-01,1640.6100000000001,0.0,0.0,1640.6100000000001,0.0,0.0,0.0,0.0,0.0,4141.93,0.0,9586.980000000001,13541.220000000001,1779.63,6817.532499999994,5942.57375,5631.940000000002,1633.41,1274.8200000000002,0.0,0.0,0.0,1233.7,0.0,0.0,17,5,2
2022-05-02/2022-05-08,11502.52,1441.45,0.0,0.0,1845.23,1933.6299999999999,3515.19,0.0,2767.02,1640.6100000000001,4141.93,0.0,9586.980000000001,3490.81,3842.3799999999937,5925.19625,5240.441666666669,0.0,0.0,1640.6100000000001,0.0,0.0,0.0,0.0,0.0,18,5,2
2022-05-09/2022-05-15,5856.9400000000005,1874.95,2292.74,613.34,1075.91,0.0,0.0,0.0,0.0,11502.52,1640.6100000000001,4141.93,0.0,6976.83,4321.264999999994,6926.66,5685.964166666669,1441.45,0.0,0.0,1845.23,1933.6299999999999,3515.19,0.0,2767.02,19,5,2
2022-05-16/2022-05-22,6112.970000000001,1394.3,0.0,623.76,1496.29,0.0,1831.1,767.52,0.0,5856.9400000000005,11502.52,1640.6100000000001,4141.93,8023.1900000000005,5785.4999999999945,6786.67375,5828.835833333337,1874.95,2292.74,613.34,1075.91,0.0,0.0,0.0,0.0,20,5,2
2022-05-23/2022-05-29,6221.47,3236.4,0.0,522.08,0.0,2462.9900000000002,0.0,0.0,0.0,6112.970000000001,5856.9400000000005,11502.52,1640.6100000000001,13541.220000000001,6278.259999999995,6547.89625,6054.46916666667,1394.3,0.0,623.76,1496.29,0.0,1831.1,767.52,0.0,21,5,2
2022-05-30/2022-06-05,5569.64,145.26,1883.31,346.84,1890.92,1303.31,0.0,0.0,0.0,6221.47,6112.970000000001,5856.9400000000005,11502.52,9586.980000000001,7423.474999999995,5632.9275,6424.622500000004,3236.4,0.0,522.08,0.0,2462.9900000000002,0.0,0.0,0.0,22,6,2
2022-06-06/2022-06-12,7022.07,0.0,2248.9,0.0,1836.92,1321.98,1614.27,0.0,0.0,5569.64,6221.47,6112.970000000001,5856.9400000000005,0.0,5940.254999999995,5130.759999999999,6597.858333333337,145.26,1883.31,346.84,1890.92,1303.31,0.0,0.0,0.0,23,6,2
2022-06-13/2022-06-19,6144.41,2372.5,0.0,2460.98,1310.93,0.0,0.0,0.0,0.0,7022.07,5569.64,6221.47,6112.970000000001,4141.93,6231.537499999995,6008.518749999999,6601.628333333338,0.0,2248.9,0.0,1836.92,1321.98,1614.27,0.0,0.0,24,6,2
2022-06-20/2022-06-26,6548.490000000001,430.72,562.99,0.0,1790.63,671.15,1293.37,1799.63,0.0,6144.41,7022.07,5569.64,6221.47,1640.6100000000001,6239.397499999995,6258.82875,6445.063333333338,2372.5,0.0,2460.98,1310.93,0.0,0.0,0.0,0.0,25,6,2
2022-06-27/2022-07-03,4919.5,1137.72,1923.32,0.0,0.0,0.0,1858.46,0.0,0.0,6548.490000000001,6144.41,7022.07,5569.64,11502.52,6321.152499999995,6872.313749999999,5862.335833333338,430.72,562.99,0.0,1790.63,671.15,1293.37,1799.63,0.0,26,7,3
2022-07-04/2022-07-10,4610.75,0.0,204.39,773.85,1694.3600000000001,0.0,1938.15,0.0,0.0,4919.5,6548.490000000001,6144.41,7022.07,5856.9400000000005,6158.617499999995,6049.436249999999,5473.379166666672,1137.72,1923.32,0.0,0.0,0.0,1858.46,0.0,0.0,27,7,3
2022-07-11/2022-07-17,2847.47,718.06,0.0,0.0,0.0,0.0,560.15,1569.26,0.0,4610.75,4919.5,6548.490000000001,6144.41,6112.970000000001,5555.787499999995,5893.6624999999985,5857.608333333338,0.0,204.39,773.85,1694.3600000000001,0.0,1938.15,0.0,0.0,28,7,3
2022-07-18/2022-07-24,3829.37,1429.09,0.0,0.0,192.13,726.24,0.0,0.0,1481.91,2847.47,4610.75,4919.5,6548.490000000001,6221.47,4731.552499999995,5485.4749999999985,5749.736666666671,718.06,0.0,0.0,0.0,0.0,560.15,1569.26,0.0,29,7,3
2022-07-25/2022-07-31,4907.049999999999,1148.2,590.78,0.0,1795.18,0.0,215.55,973.62,183.72,3829.37,2847.47,4610.75,4919.5,5569.64,4051.7724999999946,5186.462499999999,5932.133333333338,1429.09,0.0,0.0,192.13,726.24,0.0,0.0,1481.91,30,7,3
2022-08-01/2022-08-07,3356.69,0.0,0.0,886.04,0.0,1191.67,671.11,0.0,607.87,4907.049999999999,3829.37,2847.47,4610.75,7022.07,4048.6599999999944,5103.638749999998,5382.510833333337,1148.2,590.78,0.0,1795.18,0.0,215.55,973.62,183.72,31,8,3
2022-08-08/2022-08-14,963.23,963.23,0.0,0.0,0.0,0.0,0.0,0.0,0.0,3356.69,4907.049999999999,3829.37,2847.47,6144.41,3735.144999999994,4645.466249999999,5174.15666666667,0.0,0.0,886.04,0.0,1191.67,671.11,0.0,607.87,32,8,3
2022-08-15/2022-08-21,10397.09,2071.06,1906.48,758.35,1639.74,1935.85,2085.61,0.0,0.0,963.23,3356.69,4907.049999999999,3829.37,6548.490000000001,3264.084999999994,3997.818749999999,4745.011666666671,963.23,0.0,0.0,0.0,0.0,0.0,0.0,0.0,33,8,3
2022-08-22/2022-08-28,6477.110000000001,0.0,0.0,1747.26,1131.29,0.0,2165.24,0.0,1433.32,10397.09,963.23,3356.69,4907.049999999999,4919.5,4906.014999999995,4478.893749999999,5092.980000000004,2071.06,1906.48,758.35,1639.74,1935.85,2085.61,0.0,0.0,34,8,3
2022-08-29/2022-09-04,6765.169999999999,1944.12,0.0,143.68,1122.93,0.0,2154.78,0.0,1399.6599999999999,6477.110000000001,10397.09,963.23,3356.69,4610.75,5298.529999999995,4673.594999999999,5168.6025000000045,0.0,0.0,1747.26,1131.29,0.0,2165.24,0.0,1433.32,35,9,3
2022-09-05/2022-09-11,2277.9,0.0,0.0,0.0,1357.51,471.39,68.09,0.0,380.91,6765.169999999999,6477.110000000001,10397.09,963.23,2847.47,6150.649999999995,4942.897499999999,5147.194166666671,1944.12,0.0,143.68,1122.93,0.0,2154.78,0.0,1399.6599999999999,36,9,3
2022-09-12/2022-09-18,5274.07,904.65,1412.42,0.0,1158.92,1060.15,0.0,0.0,737.93,2277.9,6765.169999999999,6477.110000000001,10397.09,3829.37,6479.317499999996,4871.701249999999,4824.985000000004,0.0,0.0,0.0,1357.51,471.39,68.09,0.0,380.91,37,9,3
2022-09-19/2022-09-25,5404.47,0.0,0.0,710.45,0.0,0.0,1226.5,1838.18,1629.34,5274.07,2277.9,6765.169999999999,6477.110000000001,4907.049999999999,5198.562499999995,5052.288749999999,4718.783333333337,904.65,1412.42,0.0,1158.92,1060.15,0.0,0.0,737.93,38,9,3
2022-09-26/2022-10-02,4246.22,0.0,1732.39,0.0,374.26,281.7,842.3,0.0,1015.5699999999999,5404.47,5274.07,2277.9,6765.169999999999,3356.69,4930.402499999996,5114.4662499999995,4759.197500000005,0.0,0.0,710.45,0.0,0.0,1226.5,1838.18,1629.34,39,10,4
2022-10-03/2022-10-09,3399.7700000000004,0.0,0.0,0.0,0.0,2942.33,0.0,457.44,0.0,4246.22,5404.47,5274.07,2277.9,963.23,4300.664999999996,5225.657499999999,4728.820000000004,0.0,1732.39,0.0,374.26,281.7,842.3,0.0,1015.5699999999999,40,10,4
2022-10-10/2022-10-16,3289.87,0.0,0.0,1088.67,0.0,2201.2,0.0,0.0,0.0,3399.7700000000004,4246.22,5404.47,5274.07,10397.09,4581.132499999996,5530.224999999999,4774.845000000005,0.0,0.0,0.0,0.0,2942.33,0.0,457.44,0.0,41,10,4
2022-10-17/2022-10-23,5644.96,1030.1000000000001,0.0,1723.49,2358.37,533.0,0.0,0.0,0.0,3289.87,3399.7700000000004,4246.22,5404.47,6477.110000000001,4085.082499999996,4641.8225,4729.886666666672,0.0,0.0,1088.67,0.0,2201.2,0.0,0.0,0.0,42,10,4
2022-10-24/2022-10-30,1409.54,0.0,0.0,1069.24,0.0,0.0,340.3,0.0,0.0,5644.96,3289.87,3399.7700000000004,4246.22,6765.169999999999,4145.204999999995,4537.80375,4791.379166666672,1030.1000000000001,0.0,1723.49,2358.37,533.0,0.0,0.0,0.0,43,10,4
2022-10-31/2022-11-06,3921.98,0.0,0.0,0.0,279.82,0.0,1838.35,1149.74,654.07,1409.54,5644.96,3289.87,3399.7700000000004,2277.9,3436.0349999999953,3868.3500000000004,4629.116666666671,0.0,0.0,1069.24,0.0,0.0,340.3,0.0,0.0,44,11,4
2022-11-07/2022-11-13,4920.129999999999,0.0,0.0,0.0,1270.92,0.0,984.02,1259.35,1405.84,3921.98,1409.54,5644.96,3289.87,5274.07,3566.587499999995,4073.8600000000006,4875.679166666671,0.0,0.0,0.0,279.82,0.0,1838.35,1149.74,654.07,45,11,4
2022-11-14/2022-11-20,8069.860000000001,994.48,1739.13,2616.55,2276.22,0.0,443.48,0.0,0.0,4920.129999999999,3921.98,1409.54,5644.96,5404.47,3974.1524999999956,4029.6175000000003,4419.265833333338,0.0,0.0,0.0,1270.92,0.0,984.02,1259.35,1405.84,46,11,4
2022-11-21/2022-11-27,2404.68,0.0,101.43,0.0,0.0,1621.1200000000001,0.0,682.13,0.0,8069.860000000001,4920.129999999999,3921.98,1409.54,4246.22,4580.377499999996,4362.79125,4551.995000000005,994.48,1739.13,2616.55,2276.22,0.0,443.48,0.0,0.0,47,11,4
2022-11-28/2022-12-04,3599.3500000000004,0.0,0.0,0.0,749.97,0.0,0.0,195.75,2653.63,2404.68,8069.860000000001,4920.129999999999,3921.98,3399.7700000000004,4829.162499999996,4132.59875,4188.620833333339,0.0,101.43,0.0,0.0,1621.1200000000001,0.0,682.13,0.0,48,12,4
2022-12-05/2022-12-11,977.23,864.17,0.0,0.0,0.0,0.0,0.0,0.0,113.06,3599.3500000000004,2404.68,8069.860000000001,4920.129999999999,3289.87,4748.5049999999965,4157.546249999999,4298.741666666671,0.0,0.0,0.0,749.97,0.0,0.0,195.75,2653.63,49,12,4
2022-12-12/2022-12-18,4703.82,0.0,0.0,0.0,3714.7200000000003,28.48,0.0,0.0,960.62,977.23,3599.3500000000004,2404.68,8069.860000000001,5644.96,3762.7799999999966,3868.46625,3940.671666666672,864.17,0.0,0.0,0.0,0.0,0.0,0.0,113.06,50,12,4
2022-12-19/2022-12-25,0.0,0.0,0.0,0.0,0.0,0.0,0.0,0.0,0.0,4703.82,977.23,3599.3500000000004,2404.68,1409.54,2921.269999999997,3750.8237500000005,3882.284166666672,0.0,0.0,0.0,3714.7200000000003,28.48,0.0,0.0,960.62,51,12,4
2022-12-26/2023-01-01,3124.06,0.0,0.0,0.0,1065.71,0.0,0.0,0.0,2058.35,0.0,4703.82,977.23,3599.3500000000004,3921.98,2320.0999999999967,3574.6312500000004,3528.432500000005,0.0,0.0,0.0,0.0,0.0,0.0,0.0,0.0,52,1,1
2023-01-02/2023-01-08,3054.1000000000004,1259.88,0.0,0.0,1794.22,0.0,0.0,0.0,0.0,3124.06,0.0,4703.82,977.23,4920.129999999999,2201.2774999999965,3474.8912500000006,3505.456666666671,0.0,0.0,0.0,1065.71,0.0,0.0,0.0,2058.35,1,1,1
2023-01-09/2023-01-15,2614.8500000000004,0.0,0.0,0.0,0.0,0.0,635.86,1978.99,0.0,3054.1000000000004,3124.06,0.0,4703.82,8069.860000000001,2720.4949999999967,3241.6375000000007,3485.809166666671,1259.88,0.0,0.0,1794.22,0.0,0.0,0.0,0.0,2,1,1
2023-01-16/2023-01-22,12512.970000000001,2493.04,4722.52,0.0,0.0,1909.36,2608.24,0.0,779.81,2614.8500000000004,3054.1000000000004,3124.06,0.0,2404.68,2198.252499999997,2559.7612500000005,3233.3000000000043,0.0,0.0,0.0,0.0,0.0,635.86,1978.99,0.0,3,1,1
2023-01-23/2023-01-29,8349.52,2074.11,2642.41,323.05,2157.84,0.0,0.0,342.26,809.8499999999999,12512.970000000001,2614.8500000000004,3054.1000000000004,3124.06,3599.3500000000004,5326.494999999997,3823.2975000000006,4158.585833333337,2493.04,4722.52,0.0,0.0,1909.36,2608.24,0.0,779.81,4,1,1
2023-01-30/2023-02-05,4116.43,0.0,2828.99,0.0,464.52,0.0,456.79,0.0,366.13,8349.52,12512.970000000001,2614.8500000000004,3054.1000000000004,977.23,6632.859999999997,4417.068750000001,4527.547500000003,2074.11,2642.41,323.05,2157.84,0.0,0.0,342.26,809.8499999999999,5,2,1
2023-02-06/2023-02-12,4230.799999999999,0.0,3019.67,549.8,0.0,0.0,0.0,661.33,0.0,4116.43,8349.52,12512.970000000001,2614.8500000000004,4703.82,6898.442499999997,4809.468750000001,4460.572500000004,0.0,2828.99,0.0,464.52,0.0,456.79,0.0,366.13,6,2,1
2023-02-13/2023-02-19,4446.45,1777.23,0.0,1187.46,0.0,0.0,0.0,1481.76,0.0,4230.799999999999,4116.43,8349.52,12512.970000000001,0.0,7302.429999999997,4750.34125,4140.650833333337,0.0,3019.67,549.8,0.0,0.0,0.0,661.33,0.0,7,2,1
2023-02-20/2023-02-26,5243.86,0.0,4321.53,922.33,0.0,0.0,0.0,0.0,0.0,4446.45,4230.799999999999,4116.43,8349.52,3124.06,5285.799999999996,5306.1475,4310.798333333337,1777.23,0.0,1187.46,0.0,0.0,0.0,1481.76,0.0,8,2,1
2023-02-27/2023-03-05,4818.400000000001,0.0,0.0,910.99,1015.8,0.0,2891.61,0.0,0.0,5243.86,4446.45,4230.799999999999,4116.43,3054.1000000000004,4509.384999999996,5571.1225,4447.840833333336,0.0,4321.53,922.33,0.0,0.0,0.0,0.0,0.0,9,3,1
2023-03-06/2023-03-12,4414.860000000001,280.86,437.89,1929.62,642.92,0.0,0.0,932.06,191.51,4818.400000000001,5243.86,4446.45,4230.799999999999,2614.8500000000004,4684.877499999996,5791.660000000001,4767.938333333336,0.0,0.0,910.99,1015.8,0.0,2891.61,0.0,0.0,10,3,1
2023-03-13/2023-03-19,4336.71,0.0,0.0,798.53,2098.29,1116.35,0.0,0.0,323.53999999999996,4414.860000000001,4818.400000000001,5243.86,4446.45,12512.970000000001,4730.892499999996,6016.661250000001,4743.858333333336,280.86,437.89,1929.62,642.92,0.0,0.0,932.06,191.51,11,3,1
2023-03-20/2023-03-26,1422.97,0.0,0.0,0.0,53.38,0.0,1369.59,0.0,0.0,4336.71,4414.860000000001,4818.400000000001,5243.86,8349.52,4703.457499999996,4994.628750000001,5105.250833333336,0.0,0.0,798.53,2098.29,1116.35,0.0,0.0,323.53999999999996,12,3,1
2023-03-27/2023-04-02,5987.75,1265.2,1978.91,0.0,0.0,1899.36,0.0,0.0,844.28,1422.97,4336.71,4414.860000000001,4818.400000000001,4116.43,3748.234999999996,4128.810000000001,4963.4933333333365,0.0,0.0,0.0,53.38,0.0,1369.59,0.0,0.0,13,4,2
2023-04-03/2023-04-09,3338.9700000000003,0.0,0.0,2790.8,0.0,0.0,548.17,0.0,0.0,5987.75,1422.97,4336.71,4414.860000000001,4230.799999999999,4040.5724999999957,4362.725000000001,5207.96416666667,1265.2,1978.91,0.0,0.0,1899.36,0.0,0.0,844.28,14,4,2
2023-04-10/2023-04-16,4474.389999999999,0.0,1530.46,1536.02,0.0,0.0,0.0,1198.6399999999999,209.27,3338.9700000000003,5987.75,1422.97,4336.71,4446.45,3771.599999999996,4251.246250000002,5268.3075000000035,0.0,0.0,2790.8,0.0,0.0,548.17,0.0,0.0,15,4,2
2023-04-17/2023-04-23,5669.179999999999,1675.03,0.0,1828.82,0.0,1088.83,716.06,0.0,360.44,4474.389999999999,3338.9700000000003,5987.75,1422.97,5243.86,3806.019999999996,4254.738750000002,4598.425833333337,0.0,1530.46,1536.02,0.0,0.0,0.0,1198.6399999999999,209.27,16,4,2
2023-04-24/2023-04-30,0.0,0.0,0.0,0.0,0.0,0.0,0.0,0.0,0.0,5669.179999999999,4474.389999999999,3338.9700000000003,5987.75,4818.400000000001,4867.572499999996,4307.903750000002,4375.064166666671,1675.03,0.0,1828.82,0.0,1088.83,716.06,0.0,360.44,17,4,2
2023-05-01/2023-05-07,4737.4800000000005,0.0,670.15,2203.05,0.0,0.0,1176.17,0.0,688.11,0.0,5669.179999999999,4474.389999999999,3338.9700000000003,4414.860000000001,3370.6349999999957,3705.603750000002,4032.0283333333373,0.0,0.0,0.0,0.0,0.0,0.0,0.0,0.0,18,5,2
2023-05-08/2023-05-14,2634.51,0.0,0.0,454.24,0.0,0.0,0.0,0.0,2180.27,4737.4800000000005,0.0,5669.179999999999,4474.389999999999,4336.71,3720.2624999999953,3745.9312500000024,4074.2516666666706,0.0,670.15,2203.05,0.0,0.0,1176.17,0.0,688.11,19,5,2
2023-05-15/2023-05-21,7669.5,2672.32,372.34,898.79,483.61,0.0,1703.01,263.42,1276.01,2634.51,4737.4800000000005,0.0,5669.179999999999,1422.97,3260.292499999996,3533.1562500000027,3923.256666666671,0.0,0.0,454.24,0.0,0.0,0.0,0.0,2180.27,20,5,2
2023-05-22/2023-05-28,2980.38,333.69,0.0,0.0,1443.62,0.0,1203.07,0.0,0.0,7669.5,2634.51,4737.4800000000005,0.0,5987.75,3760.372499999996,4313.972500000003,4125.393333333338,2672.32,372.34,898.79,483.61,0.0,1703.01,263.42,1276.01,21,5,2
2023-05-29/2023-06-04,2094.48,0.0,0.0,0.0,682.52,1411.96,0.0,0.0,0.0,2980.38,7669.5,2634.51,4737.4800000000005,3338.9700000000003,4505.467499999996,3938.0512500000023,3972.225000000004,333.69,0.0,0.0,1443.62,0.0,1203.07,0.0,0.0,22,6,2
2023-06-05/2023-06-11,4187.91,824.47,211.5,0.0,108.77,315.64,184.38,1324.59,1218.56,2094.48,2980.38,7669.5,2634.51,4474.389999999999,3844.717499999996,3782.4900000000025,3778.860000000004,0.0,0.0,0.0,682.52,1411.96,0.0,0.0,0.0,23,6,2
2023-06-12/2023-06-18,3983.3199999999997,0.0,0.0,0.0,0.0,2096.45,947.18,191.36,748.33,4187.91,2094.48,2980.38,7669.5,5669.179999999999,4233.067499999996,3746.680000000002,3766.4600000000046,824.47,211.5,0.0,108.77,315.64,184.38,1324.59,1218.56,24,6,2
2023-06-19/2023-06-25,8628.76,0.0,1993.94,0.0,180.56,1683.87,3873.3,0.0,897.09,3983.3199999999997,4187.91,2094.48,2980.38,0.0,3311.5224999999955,3535.947500000002,3979.8225000000043,0.0,0.0,0.0,0.0,2096.45,947.18,191.36,748.33,25,6,2
2023-06-26/2023-07-02,3324.29,0.0,1009.18,0.0,0.0,0.0,0.0,167.12,2147.9900000000002,8628.76,3983.3199999999997,4187.91,2094.48,4737.4800000000005,4723.617499999996,4614.542500000002,4199.906666666671,0.0,1993.94,0.0,180.56,1683.87,3873.3,0.0,897.09,26,7,3
2023-07-03/2023-07-09,2264.88,0.0,0.0,0.0,183.18,0.0,411.82,0.0,1669.88,3324.29,8628.76,3983.3199999999997,4187.91,2634.51,5031.069999999996,4437.893750000002,4198.683333333338,0.0,1009.18,0.0,0.0,0.0,0.0,167.12,2147.9900000000002,27,7,3
2023-07-10/2023-07-16,10627.340000000002,0.0,2257.59,4855.8099999999995,1573.63,1148.33,233.91,0.0,558.07,2264.88,3324.29,8628.76,3983.3199999999997,7669.5,4550.312499999996,4391.690000000001,4014.5575000000044,0.0,0.0,0.0,183.18,0.0,411.82,0.0,1669.88,28,7,3
2023-07-17/2023-07-23,8520.3,0.0,0.0,2189.97,2329.26,0.0,1484.48,2516.59,0.0,10627.340000000002,2264.88,3324.29,8628.76,2980.38,6211.317499999997,4761.420000000002,4427.737500000005,0.0,2257.59,4855.8099999999995,1573.63,1148.33,233.91,0.0,558.07,29,7,3
2023-07-24/2023-07-30,2562.4500000000003,1675.58,355.74,0.0,0.0,110.61,279.94,0.0,140.58,8520.3,10627.340000000002,2264.88,3324.29,2094.48,6184.202499999998,5453.910000000003,5137.762500000004,0.0,0.0,2189.97,2329.26,0.0,1484.48,2516.59,0.0,30,7,3
2023-07-31/2023-08-06,1829.69,555.22,0.0,0.0,0.0,0.0,1274.47,0.0,0.0,2562.4500000000003,8520.3,10627.340000000002,2264.88,4187.91,5993.742499999998,5512.406250000002,4956.510000000004,1675.58,355.74,0.0,0.0,110.61,279.94,0.0,140.58,31,8,3
2023-08-07/2023-08-13,4899.6,545.48,1730.61,695.06,0.0,363.39,0.0,1565.06,0.0,1829.69,2562.4500000000003,8520.3,10627.340000000002,3983.3199999999997,5884.944999999997,5217.628750000002,4889.44166666667,555.22,0.0,0.0,0.0,0.0,1274.47,0.0,0.0,32,8,3
2023-08-14/2023-08-20,2381.8,0.0,953.45,0.0,0.0,0.0,0.0,1428.35,0.0,4899.6,1829.69,2562.4500000000003,8520.3,8628.76,4453.009999999997,5332.1637500000015,4658.61666666667,545.48,1730.61,695.06,0.0,363.39,0.0,1565.06,0.0,33,8,3
2023-08-21/2023-08-27,4307.54,0.0,0.0,923.41,0.0,0.0,1173.13,2211.0,0.0,2381.8,4899.6,1829.69,2562.4500000000003,3324.29,2918.3849999999966,4551.293750000002,4608.735000000004,0.0,953.45,0.0,0.0,0.0,0.0,1428.35,0.0,34,8,3
2023-08-28/2023-09-03,8393.05,1800.38,1314.25,0.0,968.66,0.0,1324.46,2985.3,0.0,4307.54,2381.8,4899.6,1829.69,2264.88,3354.6574999999966,4674.200000000002,4793.15666666667,0.0,0.0,923.41,0.0,0.0,1173.13,2211.0,0.0,35,9,3
2023-09-04/2023-09-10,7184.240000000001,692.9,1170.22,0.0,0.0,1813.99,0.0,3507.13,0.0,8393.05,4307.54,2381.8,4899.6,10627.340000000002,4995.497499999997,5440.221250000001,5143.585000000004,1800.38,1314.25,0.0,968.66,0.0,1324.46,2985.3,0.0,36,9,3
2023-09-11/2023-09-17,10063.12,0.0,0.0,528.51,2348.37,295.02,117.58,2299.8599999999997,4473.780000000001,7184.240000000001,8393.05,4307.54,2381.8,8520.3,5566.6574999999975,5009.833750000001,5410.3283333333375,692.9,1170.22,0.0,0.0,1813.99,0.0,3507.13,0.0,37,9,3
2023-09-18/2023-09-24,3350.58,0.0,0.0,0.0,0.0,0.0,0.0,0.0,3350.58,10063.12,7184.240000000001,8393.05,4307.54,2562.4500000000003,7486.987499999998,5202.686250000001,5529.858333333338,0.0,0.0,528.51,2348.37,295.02,117.58,2299.8599999999997,4473.780000000001,38,9,3
2023-09-25/2023-10-01,812.75,0.0,0.0,0.0,0.0,0.0,812.75,0.0,0.0,3350.58,10063.12,7184.240000000001,8393.05,1829.69,7247.747499999998,5301.202500000001,5532.049166666672,0.0,0.0,0.0,0.0,0.0,0.0,0.0,3350.58,39,10,4
2023-10-02/2023-10-08,4055.0300000000007,45.65,0.0,2531.7,0.0,1458.39,19.29,0.0,0.0,812.75,3350.58,10063.12,7184.240000000001,4899.6,5352.672499999998,5174.085000000001,5411.038333333339,0.0,0.0,0.0,0.0,0.0,812.75,0.0,0.0,40,10,4
2023-10-09/2023-10-15,5446.57,0.0,1948.54,2375.7200000000003,0.0,0.0,0.0,0.0,1122.31,4055.0300000000007,812.75,3350.58,10063.12,2381.8,4570.369999999998,5068.513750000001,4863.345833333339,45.65,0.0,2531.7,0.0,1458.39,19.29,0.0,0.0,41,10,4
2023-10-16/2023-10-22,1099.09,0.0,0.0,0.0,1099.09,0.0,0.0,0.0,0.0,5446.57,4055.0300000000007,812.75,3350.58,4307.54,3416.232499999998,5451.610000000001,4607.201666666672,0.0,1948.54,2375.7200000000003,0.0,0.0,0.0,0.0,1122.31,42,10,4
2023-10-23/2023-10-29,2277.52,0.0,609.22,0.0,0.0,0.0,0.0,1249.37,418.93,1099.09,5446.57,4055.0300000000007,812.75,8393.05,2853.359999999998,5050.55375,4485.255000000006,0.0,0.0,0.0,1099.09,0.0,0.0,0.0,0.0,43,10,4
2023-10-30/2023-11-05,1663.0,0.0,0.0,0.0,0.0,0.0,1663.0,0.0,0.0,2277.52,1099.09,5446.57,4055.0300000000007,7184.240000000001,3219.552499999998,4286.112499999999,4522.574166666672,0.0,609.22,0.0,0.0,0.0,0.0,1249.37,418.93,44,11,4
2023-11-06/2023-11-12,7227.06,2117.24,0.0,0.0,3122.0,0.0,0.0,0.0,1987.8200000000002,1663.0,2277.52,1099.09,5446.57,10063.12,2621.544999999998,3595.957499999999,4252.8575000000055,0.0,0.0,0.0,0.0,0.0,1663.0,0.0,0.0,45,11,4
2023-11-13/2023-11-19,2369.09,0.0,29.25,1605.18,199.05,0.0,0.0,535.61,0.0,7227.06,1663.0,2277.52,1099.09,3350.58,3066.6674999999977,3241.449999999999,4656.629166666672,2117.24,0.0,0.0,3122.0,0.0,0.0,0.0,1987.8200000000002,46,11,4
2023-11-20/2023-11-26,9780.76,0.0,1963.32,0.0,2396.97,3512.4300000000003,0.0,1673.06,234.98,2369.09,7227.06,1663.0,2277.52,812.75,3384.1674999999977,3118.763749999999,4495.091666666672,0.0,29.25,1605.18,199.05,0.0,0.0,535.61,0.0,47,11,4
2023-11-27/2023-12-03,3455.6099999999997,0.0,0.0,1226.6,0.0,370.71,886.97,0.0,971.33,9780.76,2369.09,7227.06,1663.0,4055.0300000000007,5259.977499999998,4239.764999999999,4610.734166666672,0.0,1963.32,0.0,2396.97,3512.4300000000003,0.0,1673.06,234.98,48,12,4
2023-12-04/2023-12-10,6612.64,1956.01,33.17,1043.01,871.37,2403.26,305.82,0.0,0.0,3455.6099999999997,9780.76,2369.09,7227.06,5446.57,5708.129999999998,4164.8375,4300.015000000005,0.0,0.0,1226.6,0.0,370.71,886.97,0.0,971.33,49,12,4
2023-12-11/2023-12-17,3612.8099999999995,166.87,0.0,1940.59,1505.35,0.0,0.0,0.0,0.0,6612.64,3455.6099999999997,9780.76,2369.09,1099.09,5554.524999999998,4310.59625,4012.4750000000045,1956.01,33.17,1043.01,871.37,2403.26,305.82,0.0,0.0,50,12,4
2023-12-18/2023-12-24,4080.5299999999997,0.0,1867.82,246.23,0.0,185.16,0.0,1781.32,0.0,3612.8099999999995,6612.64,3455.6099999999997,9780.76,2277.52,5865.454999999997,4624.81125,4034.3275000000044,166.87,0.0,1940.59,1505.35,0.0,0.0,0.0,0.0,51,12,4
2023-12-25/2023-12-31,6348.349999999999,14.37,1635.01,1124.7,0.0,3574.27,0.0,0.0,0.0,4080.5299999999997,3612.8099999999995,6612.64,3455.6099999999997,1663.0,4440.397499999997,4850.1875,4306.6425000000045,0.0,1867.82,246.23,0.0,185.16,0.0,1781.32,0.0,52,12,4
2024-01-01/2024-01-07,1201.0,0.0,0.0,0.0,101.1,0.0,0.0,1099.9,0.0,6348.349999999999,4080.5299999999997,3612.8099999999995,6612.64,7227.06,5163.582499999997,5435.85625,4497.752500000004,14.37,1635.01,1124.7,0.0,3574.27,0.0,0.0,0.0,1,1,1
2024-01-08/2024-01-14,9160.45,1436.41,0.0,1013.18,1546.57,1849.5,0.0,0.0,3314.79,1201.0,6348.349999999999,4080.5299999999997,3612.8099999999995,2369.09,3810.672499999997,4682.59875,4143.9550000000045,0.0,0.0,0.0,101.1,0.0,0.0,1099.9,0.0,2,1,1
2024-01-15/2024-01-21,10247.37,964.23,0.0,2850.23,0.0,1169.78,0.0,2287.52,2975.6099999999997,9160.45,1201.0,6348.349999999999,4080.5299999999997,9780.76,5197.582499999997,5531.518750000001,4815.735000000004,1436.41,0.0,1013.18,1546.57,1849.5,0.0,0.0,3314.79,3,1,1
2024-01-22/2024-01-28,8280.57,2028.69,1774.01,0.0,0.0,0.0,1351.74,3126.13,0.0,10247.37,9160.45,1201.0,6348.349999999999,3455.6099999999997,6739.292499999998,5589.845000000001,5479.8891666666705,964.23,0.0,2850.23,0.0,1169.78,0.0,2287.52,2975.6099999999997,4,1,1
2024-01-29/2024-02-04,2415.6800000000003,1026.74,0.0,0.0,0.0,0.0,0.0,1388.94,0.0,8280.57,10247.37,9160.45,1201.0,6612.64,7222.347499999998,6192.965000000001,6031.353333333337,2028.69,1774.01,0.0,0.0,0.0,1351.74,3126.13,0.0,5,2,1
2024-02-05/2024-02-11,6660.87,1554.53,0.0,3444.67,0.0,1661.67,0.0,0.0,0.0,2415.6800000000003,8280.57,10247.37,9160.45,3612.8099999999995,7526.017499999998,5668.345000000001,5630.405000000003,1026.74,0.0,0.0,0.0,0.0,0.0,1388.94,0.0,6,2,1
2024-02-12/2024-02-18,1285.22,0.0,0.0,0.0,382.08,0.0,0.0,903.14,0.0,6660.87,2415.6800000000003,8280.57,10247.37,4080.5299999999997,6901.122499999999,6049.352500000002,5988.053333333337,1554.53,0.0,3444.67,0.0,1661.67,0.0,0.0,0.0,7,2,1
2024-02-19/2024-02-25,9138.139999999998,1914.41,1787.8899999999999,823.85,705.31,1993.3,0.0,986.2,927.1800000000001,1285.22,6660.87,2415.6800000000003,8280.57,6348.349999999999,4660.584999999999,5699.938750000002,5280.09166666667,0.0,0.0,0.0,382.08,0.0,0.0,903.14,0.0,8,2,1
2024-02-26/2024-03-03,6464.870000000001,3728.15,0.0,1802.4099999999999,777.89,97.26,0.0,59.16,0.0,9138.139999999998,1285.22,6660.87,2415.6800000000003,1201.0,4874.977499999999,6048.662500000002,5753.635833333336,1914.41,1787.8899999999999,823.85,705.31,1993.3,0.0,986.2,927.1800000000001,9,3,1
2024-03-04/2024-03-10,5593.47,2378.67,1441.77,0.0,419.1,0.0,1296.66,0.0,57.27,6464.870000000001,9138.139999999998,1285.22,6660.87,9160.45,5887.275,6706.6462500000025,5741.321666666669,3728.15,0.0,1802.4099999999999,777.89,97.26,0.0,59.16,0.0,10,3,1
2024-03-11/2024-03-17,3872.1,1822.86,785.11,0.0,0.0,1264.13,0.0,0.0,0.0,5593.47,6464.870000000001,9138.139999999998,1285.22,10247.37,5620.425,6260.773750000002,5906.37666666667,2378.67,1441.77,0.0,419.1,0.0,1296.66,0.0,57.27,11,3,1
2024-03-18/2024-03-24,0.0,0.0,0.0,0.0,0.0,0.0,0.0,0.0,0.0,3872.1,5593.47,6464.870000000001,9138.139999999998,8280.57,6267.1449999999995,5463.865000000002,5889.007500000003,1822.86,785.11,0.0,0.0,1264.13,0.0,0.0,0.0,12,3,1
2024-03-25/2024-03-31,5840.12,0.0,2358.0,0.0,0.0,769.01,0.0,1217.07,1496.04,0.0,3872.1,5593.47,6464.870000000001,2415.6800000000003,3982.61,4428.793750000002,5359.978333333337,0.0,0.0,0.0,0.0,0.0,0.0,0.0,0.0,13,3,1
2024-04-01/2024-04-07,2175.91,0.0,0.0,0.0,0.0,0.0,0.0,1920.67,255.24,5840.12,0.0,3872.1,5593.47,6660.87,3826.4225,4856.848750000002,5746.57166666667,0.0,2358.0,0.0,0.0,769.01,0.0,1217.07,1496.04,14,4,2
2024-04-08/2024-04-14,2363.11,0.0,0.0,431.36,1204.74,0.0,0.0,396.71,330.3,2175.91,5840.12,0.0,3872.1,1285.22,2972.0324999999993,4296.228750000001,5164.526666666671,0.0,0.0,0.0,0.0,0.0,0.0,1920.67,255.24,15,4,2
2024-04-15/2024-04-21,5591.92,2278.76,0.0,0.0,0.0,1903.56,0.0,1389.98,19.62,2363.11,2175.91,5840.12,0.0,9138.139999999998,2594.7849999999994,4430.965000000001,4507.505000000004,0.0,0.0,431.36,1204.74,0.0,0.0,396.71,330.3,16,4,2
2024-04-22/2024-04-28,5312.23,0.0,0.0,1551.79,359.78,0.0,0.0,3400.66,0.0,5591.92,2363.11,2175.91,5840.12,6464.870000000001,3992.7649999999994,3987.687500000001,4283.450833333337,2278.76,0.0,0.0,0.0,1903.56,0.0,1389.98,19.62,17,4,2
2024-04-29/2024-05-05,6485.98,1813.54,1627.16,0.0,1457.58,1311.28,0.0,276.42,0.0,5312.23,5591.92,2363.11,2175.91,5593.47,3860.7924999999996,3843.607500000001,4524.830000000004,0.0,0.0,1551.79,359.78,0.0,0.0,3400.66,0.0,18,5,2
2024-05-06/2024-05-12,0.0,0.0,0.0,0.0,0.0,0.0,0.0,0.0,0.0,6485.98,5312.23,5591.92,2363.11,3872.1,4938.3099999999995,3955.1712500000012,4510.255833333337,1813.54,1627.16,0.0,1457.58,1311.28,0.0,276.42,0.0,19,5,2
2024-05-13/2024-05-19,4013.92,1697.48,0.0,0.0,799.6,0.0,0.0,0.0,1516.84,0.0,6485.98,5312.23,5591.92,0.0,4347.532499999999,3471.1587500000014,4403.15416666667,0.0,0.0,0.0,0.0,0.0,0.0,0.0,0.0,20,5,2
2024-05-20/2024-05-26,3040.5,135.09,1340.49,90.44,0.0,0.0,0.0,0.0,1474.48,4013.92,0.0,6485.98,5312.23,5840.12,3953.032499999999,3972.898750000001,3976.135833333337,1697.48,0.0,0.0,799.6,0.0,0.0,0.0,1516.84,21,5,2
2024-05-27/2024-06-02,5751.2699999999995,0.0,89.41,782.31,2448.6000000000004,0.0,0.0,1671.4,759.55,3040.5,4013.92,0.0,6485.98,2175.91,3385.0999999999995,3622.9462500000013,3690.7716666666697,135.09,1340.49,90.44,0.0,0.0,0.0,0.0,1474.48,22,6,2
2024-06-03/2024-06-09,3025.0899999999997,1037.58,1008.66,978.85,0.0,0.0,0.0,0.0,0.0,5751.2699999999995,3040.5,4013.92,0.0,2363.11,3201.4224999999997,4069.8662500000014,3703.9216666666694,0.0,89.41,782.31,2448.6000000000004,0.0,0.0,1671.4,759.55,23,6,2
2024-06-10/2024-06-16,5569.530000000001,0.0,1782.69,1443.31,1325.61,963.25,54.67,0.0,0.0,3025.0899999999997,5751.2699999999995,3040.5,4013.92,5591.92,3957.6949999999997,4152.613750000001,3633.337500000003,1037.58,1008.66,978.85,0.0,0.0,0.0,0.0,0.0,24,6,2
2024-06-17/2024-06-23,10490.340000000002,0.0,1758.23,0.0,0.0,2933.0299999999997,1202.72,1895.04,2701.32,5569.530000000001,3025.0899999999997,5751.2699999999995,3040.5,5312.23,4346.5975,4149.815000000001,4097.465000000003,0.0,1782.69,1443.31,1325.61,963.25,54.67,0.0,0.0,25,6,2
2024-06-24/2024-06-30,0.0,0.0,0.0,0.0,0.0,0.0,0.0,0.0,0.0,10490.340000000002,5569.530000000001,3025.0899999999997,5751.2699999999995,6485.98,6209.057500000001,4797.078750000002,4484.983333333336,0.0,1758.23,0.0,0.0,2933.0299999999997,1202.72,1895.04,2701.32,26,6,2
2024-07-01/2024-07-07,6358.889999999999,0.0,3551.7,0.0,195.45,0.0,1654.76,0.0,956.98,0.0,10490.340000000002,5569.530000000001,3025.0899999999997,0.0,4771.240000000001,3986.3312500000025,4303.657500000002,0.0,0.0,0.0,0.0,0.0,0.0,0.0,0.0,27,7,3
2024-07-08/2024-07-14,2447.18,0.0,1398.31,0.0,0.0,0.0,1048.87,0.0,0.0,6358.889999999999,0.0,10490.340000000002,5569.530000000001,4013.92,5604.6900000000005,4781.192500000003,4636.639166666669,0.0,3551.7,0.0,195.45,0.0,1654.76,0.0,956.98,28,7,3
2024-07-15/2024-07-21,4259.01,1821.07,0.0,0.0,856.72,1581.22,0.0,0.0,0.0,2447.18,6358.889999999999,0.0,10490.340000000002,3040.5,4824.102500000001,4585.350000000003,4374.577500000002,0.0,1398.31,0.0,0.0,0.0,1048.87,0.0,0.0,29,7,3
2024-07-22/2024-07-28,8720.72,898.72,0.0,2374.25,0.0,880.67,2646.08,0.0,1921.0,4259.01,2447.18,6358.889999999999,0.0,5751.2699999999995,3266.270000000001,4737.663750000003,4286.80916666667,1821.07,0.0,0.0,856.72,1581.22,0.0,0.0,0.0,30,7,3
2024-07-29/2024-08-04,11786.88,0.0,5284.280000000001,1603.7,533.55,2736.01,1231.79,397.55,0.0,8720.72,4259.01,2447.18,6358.889999999999,3025.0899999999997,5446.450000000001,5108.845000000004,4473.037500000003,898.72,0.0,2374.25,0.0,880.67,2646.08,0.0,1921.0,31,8,3
2024-08-05/2024-08-11,1720.35,1234.23,0.0,486.12,0.0,0.0,0.0,0.0,0.0,11786.88,8720.72,4259.01,2447.18,5569.530000000001,6803.4475,6204.068750000004,5455.277500000003,0.0,5284.280000000001,1603.7,533.55,2736.01,1231.79,397.55,0.0,32,8,3
2024-08-12/2024-08-18,4293.67,1040.31,0.0,701.48,1839.16,0.0,712.72,0.0,0.0,1720.35,11786.88,8720.72,4259.01,10490.340000000002,6621.74,5722.921250000004,5264.14666666667,1234.23,0.0,486.12,0.0,0.0,0.0,0.0,0.0,33,8,3
2024-08-19/2024-08-25,2920.6000000000004,1216.66,0.0,0.0,0.0,0.0,1017.41,686.53,0.0,4293.67,1720.35,11786.88,8720.72,0.0,6630.404999999999,4948.337500000003,5368.577500000003,1040.31,0.0,701.48,1839.16,0.0,712.72,0.0,0.0,34,8,3
2024-08-26/2024-09-01,9180.31,1602.32,969.12,1037.84,0.0,2908.6,1270.99,1391.44,0.0,2920.6000000000004,4293.67,1720.35,11786.88,6358.889999999999,5180.374999999998,5313.412500000003,5132.688333333337,1216.66,0.0,0.0,0.0,0.0,1017.41,686.53,0.0,35,9,3
2024-09-02/2024-09-08,5512.5,2674.54,0.0,0.0,1113.56,0.0,1350.66,373.74,0.0,9180.31,2920.6000000000004,4293.67,1720.35,2447.18,4528.732499999998,5666.090000000003,5645.6233333333375,1602.32,969.12,1037.84,0.0,2908.6,1270.99,1391.44,0.0,36,9,3
2024-09-09/2024-09-15,2017.97,0.0,1697.54,320.43,0.0,0.0,0.0,0.0,0.0,5512.5,9180.31,2920.6000000000004,4293.67,4259.01,5476.769999999999,6049.255000000003,5640.870833333338,2674.54,0.0,0.0,1113.56,0.0,1350.66,373.74,0.0,37,9,3
2024-09-16/2024-09-22,5695.719999999999,0.0,0.0,989.76,0.0,1879.91,0.0,1788.48,1037.5700000000002,2017.97,5512.5,9180.31,2920.6000000000004,8720.72,4907.844999999999,5769.125000000003,4934.840000000005,0.0,1697.54,320.43,0.0,0.0,0.0,0.0,0.0,38,9,3
2024-09-23/2024-09-29,5119.91,0.0,1351.47,375.99,657.62,0.0,1404.42,1330.41,0.0,5695.719999999999,2017.97,5512.5,9180.31,11786.88,5601.625,5391.000000000003,5409.483333333338,0.0,0.0,989.76,0.0,1879.91,0.0,1788.48,1037.5700000000002,39,9,3
2024-09-30/2024-10-06,3528.0,0.0,0.0,0.0,0.0,0.0,966.6300000000001,1610.13,951.24,5119.91,5695.719999999999,2017.97,5512.5,1720.35,4586.525,4557.628750000003,5306.235000000004,0.0,1351.47,375.99,657.62,0.0,1404.42,1330.41,0.0,40,10,4
2024-10-07/2024-10-13,6462.66,1157.94,1241.6,2463.0699999999997,905.21,0.0,0.0,694.84,0.0,3528.0,5119.91,5695.719999999999,2017.97,4293.67,4090.3999999999996,4783.585000000003,5396.303333333338,0.0,0.0,0.0,0.0,0.0,966.6300000000001,1610.13,951.24,41,10,4
2024-10-14/2024-10-20,8572.83,0.0,0.0,1349.65,0.0,1780.37,1266.23,932.87,3243.71,6462.66,3528.0,5119.91,5695.719999999999,2920.6000000000004,5201.572499999999,5054.708750000003,5579.940833333338,1157.94,1241.6,2463.0699999999997,905.21,0.0,0.0,694.84,0.0,42,10,4
2024-10-21/2024-10-27,4420.72,0.0,0.0,640.59,167.43,2397.98,0.0,1214.72,0.0,8572.83,6462.66,3528.0,5119.91,9180.31,5920.8499999999985,5761.237500000004,5567.616666666671,0.0,0.0,1349.65,0.0,1780.37,1266.23,932.87,3243.71,43,10,4
2024-10-28/2024-11-03,2509.93,0.0,62.47,0.0,565.99,0.0,0.0,1881.47,0.0,4420.72,8572.83,6462.66,3528.0,5512.5,5746.052499999999,5166.288750000004,4953.770000000005,0.0,0.0,640.59,167.43,2397.98,0.0,1214.72,0.0,44,11,4
2024-11-04/2024-11-10,0.0,0.0,0.0,0.0,0.0,0.0,0.0,0.0,0.0,2509.93,4420.72,8572.83,6462.66,2017.97,5491.534999999999,4790.967500000004,5019.568333333338,0.0,62.47,0.0,565.99,0.0,0.0,1881.47,0.0,45,11,4
2024-11-11/2024-11-17,11616.990000000002,1611.37,0.0,830.29,1529.9399999999998,3206.91,1051.69,3386.79,0.0,0.0,2509.93,4420.72,8572.83,5695.719999999999,3875.869999999999,4538.721250000004,4661.762500000005,0.0,0.0,0.0,0.0,0.0,0.0,0.0,0.0,46,11,4
2024-11-18/2024-11-24,7316.52,0.0,1378.66,385.26,850.26,606.22,795.56,2606.23,694.33,11616.990000000002,0.0,2509.93,4420.72,5119.91,4636.91,5278.880000000005,5386.461666666672,1611.37,0.0,830.29,1529.9399999999998,3206.91,1051.69,3386.79,0.0,47,11,4
2024-11-25/2024-12-01,2122.52,0.0,0.0,0.0,0.0,1840.64,0.0,0.0,281.88,7316.52,11616.990000000002,0.0,2509.93,3528.0,5360.86,5553.456250000005,5231.1458333333385,0.0,1378.66,385.26,850.26,606.22,795.56,2606.23,694.33,48,12,4
2024-12-02/2024-12-08,1602.07,0.0,0.0,932.73,0.0,0.0,630.04,0.0,39.3,2122.52,7316.52,11616.990000000002,0.0,6462.66,5264.0075,5377.771250000004,4948.647500000005,0.0,0.0,0.0,0.0,1840.64,0.0,0.0,281.88,49,12,4
2024-12-09/2024-12-15,3331.5600000000004,0.0,0.0,169.64,3040.4,0.0,0.0,0.0,121.52,1602.07,2122.52,7316.52,11616.990000000002,8572.83,5664.525,4770.197500000004,4913.989166666671,0.0,0.0,932.73,0.0,0.0,630.04,0.0,39.3,50,12,4
2024-12-16/2024-12-22,3782.53,0.0,406.37,0.0,1047.07,784.35,1544.74,0.0,0.0,3331.5600000000004,1602.07,2122.52,7316.52,4420.72,3593.1674999999996,4115.038750000003,4716.9758333333375,0.0,0.0,169.64,3040.4,0.0,0.0,0.0,121.52,51,12,4
2024-12-23/2024-12-29,2222.76,727.25,0.0,325.64,514.09,0.0,655.78,0.0,0.0,3782.53,3331.5600000000004,1602.07,2122.52,2509.93,2709.669999999999,4035.265000000003,4605.527500000004,0.0,406.37,0.0,1047.07,784.35,1544.74,0.0,0.0,52,12,4
